image_path,label
data/NEU-DET/train/images/pitted_surface/pitted_surface_228.jpg,pitted_surface
data/NEU-DET/train/images/pitted_surface/pitted_surface_214.jpg,pitted_surface
data/NEU-DET/train/images/pitted_surface/pitted_surface_176.jpg,pitted_surface
data/NEU-DET/train/images/pitted_surface/pitted_surface_189.jpg,pitted_surface
data/NEU-DET/train/images/pitted_surface/pitted_surface_188.jpg,pitted_surface
data/NEU-DET/train/images/pitted_surface/pitted_surface_177.jpg,pitted_surface
data/NEU-DET/train/images/pitted_surface/pitted_surface_163.jpg,pitted_surface
data/NEU-DET/train/images/pitted_surface/pitted_surface_201.jpg,pitted_surface
data/NEU-DET/train/images/pitted_surface/pitted_surface_215.jpg,pitted_surface
data/NEU-DET/train/images/pitted_surface/pitted_surface_229.jpg,pitted_surface
data/NEU-DET/train/images/pitted_surface/pitted_surface_12.jpg,pitted_surface
data/NEU-DET/train/images/pitted_surface/pitted_surface_38.jpg,pitted_surface
data/NEU-DET/train/images/pitted_surface/pitted_surface_10.jpg,pitted_surface
data/NEU-DET/train/images/pitted_surface/pitted_surface_203.jpg,pitted_surface
data/NEU-DET/train/images/pitted_surface/pitted_surface_149.jpg,pitted_surface
data/NEU-DET/train/images/pitted_surface/pitted_surface_175.jpg,pitted_surface
data/NEU-DET/train/images/pitted_surface/pitted_surface_161.jpg,pitted_surface
data/NEU-DET/train/images/pitted_surface/pitted_surface_148.jpg,pitted_surface
data/NEU-DET/train/images/pitted_surface/pitted_surface_202.jpg,pitted_surface
data/NEU-DET/train/images/pitted_surface/pitted_surface_11.jpg,pitted_surface
data/NEU-DET/train/images/pitted_surface/pitted_surface_39.jpg,pitted_surface
data/NEU-DET/train/images/pitted_surface/pitted_surface_15.jpg,pitted_surface
data/NEU-DET/train/images/pitted_surface/pitted_surface_29.jpg,pitted_surface
data/NEU-DET/train/images/pitted_surface/pitted_surface_212.jpg,pitted_surface
data/NEU-DET/train/images/pitted_surface/pitted_surface_170.jpg,pitted_surface
data/NEU-DET/train/images/pitted_surface/pitted_surface_164.jpg,pitted_surface
data/NEU-DET/train/images/pitted_surface/pitted_surface_158.jpg,pitted_surface
data/NEU-DET/train/images/pitted_surface/pitted_surface_159.jpg,pitted_surface
data/NEU-DET/train/images/pitted_surface/pitted_surface_171.jpg,pitted_surface
data/NEU-DET/train/images/pitted_surface/pitted_surface_213.jpg,pitted_surface
data/NEU-DET/train/images/pitted_surface/pitted_surface_207.jpg,pitted_surface
data/NEU-DET/train/images/pitted_surface/pitted_surface_28.jpg,pitted_surface
data/NEU-DET/train/images/pitted_surface/pitted_surface_16.jpg,pitted_surface
data/NEU-DET/train/images/pitted_surface/pitted_surface_211.jpg,pitted_surface
data/NEU-DET/train/images/pitted_surface/pitted_surface_205.jpg,pitted_surface
data/NEU-DET/train/images/pitted_surface/pitted_surface_239.jpg,pitted_surface
data/NEU-DET/train/images/pitted_surface/pitted_surface_167.jpg,pitted_surface
data/NEU-DET/train/images/pitted_surface/pitted_surface_173.jpg,pitted_surface
data/NEU-DET/train/images/pitted_surface/pitted_surface_198.jpg,pitted_surface
data/NEU-DET/train/images/pitted_surface/pitted_surface_172.jpg,pitted_surface
data/NEU-DET/train/images/pitted_surface/pitted_surface_166.jpg,pitted_surface
data/NEU-DET/train/images/pitted_surface/pitted_surface_8.jpg,pitted_surface
data/NEU-DET/train/images/pitted_surface/pitted_surface_238.jpg,pitted_surface
data/NEU-DET/train/images/pitted_surface/pitted_surface_204.jpg,pitted_surface
data/NEU-DET/train/images/pitted_surface/pitted_surface_210.jpg,pitted_surface
data/NEU-DET/train/images/pitted_surface/pitted_surface_64.jpg,pitted_surface
data/NEU-DET/train/images/pitted_surface/pitted_surface_129.jpg,pitted_surface
data/NEU-DET/train/images/pitted_surface/pitted_surface_101.jpg,pitted_surface
data/NEU-DET/train/images/pitted_surface/pitted_surface_114.jpg,pitted_surface
data/NEU-DET/train/images/pitted_surface/pitted_surface_100.jpg,pitted_surface
data/NEU-DET/train/images/pitted_surface/pitted_surface_128.jpg,pitted_surface
data/NEU-DET/train/images/pitted_surface/pitted_surface_59.jpg,pitted_surface
data/NEU-DET/train/images/pitted_surface/pitted_surface_73.jpg,pitted_surface
data/NEU-DET/train/images/pitted_surface/pitted_surface_116.jpg,pitted_surface
data/NEU-DET/train/images/pitted_surface/pitted_surface_103.jpg,pitted_surface
data/NEU-DET/train/images/pitted_surface/pitted_surface_72.jpg,pitted_surface
data/NEU-DET/train/images/pitted_surface/pitted_surface_76.jpg,pitted_surface
data/NEU-DET/train/images/pitted_surface/pitted_surface_62.jpg,pitted_surface
data/NEU-DET/train/images/pitted_surface/pitted_surface_89.jpg,pitted_surface
data/NEU-DET/train/images/pitted_surface/pitted_surface_113.jpg,pitted_surface
data/NEU-DET/train/images/pitted_surface/pitted_surface_106.jpg,pitted_surface
data/NEU-DET/train/images/pitted_surface/pitted_surface_112.jpg,pitted_surface
data/NEU-DET/train/images/pitted_surface/pitted_surface_88.jpg,pitted_surface
data/NEU-DET/train/images/pitted_surface/pitted_surface_77.jpg,pitted_surface
data/NEU-DET/train/images/pitted_surface/pitted_surface_61.jpg,pitted_surface
data/NEU-DET/train/images/pitted_surface/pitted_surface_75.jpg,pitted_surface
data/NEU-DET/train/images/pitted_surface/pitted_surface_49.jpg,pitted_surface
data/NEU-DET/train/images/pitted_surface/pitted_surface_110.jpg,pitted_surface
data/NEU-DET/train/images/pitted_surface/pitted_surface_138.jpg,pitted_surface
data/NEU-DET/train/images/pitted_surface/pitted_surface_139.jpg,pitted_surface
data/NEU-DET/train/images/pitted_surface/pitted_surface_111.jpg,pitted_surface
data/NEU-DET/train/images/pitted_surface/pitted_surface_105.jpg,pitted_surface
data/NEU-DET/train/images/pitted_surface/pitted_surface_48.jpg,pitted_surface
data/NEU-DET/train/images/pitted_surface/pitted_surface_74.jpg,pitted_surface
data/NEU-DET/train/images/pitted_surface/pitted_surface_60.jpg,pitted_surface
data/NEU-DET/train/images/pitted_surface/pitted_surface_45.jpg,pitted_surface
data/NEU-DET/train/images/pitted_surface/pitted_surface_86.jpg,pitted_surface
data/NEU-DET/train/images/pitted_surface/pitted_surface_92.jpg,pitted_surface
data/NEU-DET/train/images/pitted_surface/pitted_surface_120.jpg,pitted_surface
data/NEU-DET/train/images/pitted_surface/pitted_surface_134.jpg,pitted_surface
data/NEU-DET/train/images/pitted_surface/pitted_surface_135.jpg,pitted_surface
data/NEU-DET/train/images/pitted_surface/pitted_surface_109.jpg,pitted_surface
data/NEU-DET/train/images/pitted_surface/pitted_surface_93.jpg,pitted_surface
data/NEU-DET/train/images/pitted_surface/pitted_surface_87.jpg,pitted_surface
data/NEU-DET/train/images/pitted_surface/pitted_surface_44.jpg,pitted_surface
data/NEU-DET/train/images/pitted_surface/pitted_surface_78.jpg,pitted_surface
data/NEU-DET/train/images/pitted_surface/pitted_surface_52.jpg,pitted_surface
data/NEU-DET/train/images/pitted_surface/pitted_surface_46.jpg,pitted_surface
data/NEU-DET/train/images/pitted_surface/pitted_surface_91.jpg,pitted_surface
data/NEU-DET/train/images/pitted_surface/pitted_surface_85.jpg,pitted_surface
data/NEU-DET/train/images/pitted_surface/pitted_surface_137.jpg,pitted_surface
data/NEU-DET/train/images/pitted_surface/pitted_surface_122.jpg,pitted_surface
data/NEU-DET/train/images/pitted_surface/pitted_surface_136.jpg,pitted_surface
data/NEU-DET/train/images/pitted_surface/pitted_surface_84.jpg,pitted_surface
data/NEU-DET/train/images/pitted_surface/pitted_surface_90.jpg,pitted_surface
data/NEU-DET/train/images/pitted_surface/pitted_surface_53.jpg,pitted_surface
data/NEU-DET/train/images/pitted_surface/pitted_surface_43.jpg,pitted_surface
data/NEU-DET/train/images/pitted_surface/pitted_surface_80.jpg,pitted_surface
data/NEU-DET/train/images/pitted_surface/pitted_surface_132.jpg,pitted_surface
data/NEU-DET/train/images/pitted_surface/pitted_surface_126.jpg,pitted_surface
data/NEU-DET/train/images/pitted_surface/pitted_surface_127.jpg,pitted_surface
data/NEU-DET/train/images/pitted_surface/pitted_surface_133.jpg,pitted_surface
data/NEU-DET/train/images/pitted_surface/pitted_surface_95.jpg,pitted_surface
data/NEU-DET/train/images/pitted_surface/pitted_surface_42.jpg,pitted_surface
data/NEU-DET/train/images/pitted_surface/pitted_surface_54.jpg,pitted_surface
data/NEU-DET/train/images/pitted_surface/pitted_surface_68.jpg,pitted_surface
data/NEU-DET/train/images/pitted_surface/pitted_surface_131.jpg,pitted_surface
data/NEU-DET/train/images/pitted_surface/pitted_surface_119.jpg,pitted_surface
data/NEU-DET/train/images/pitted_surface/pitted_surface_118.jpg,pitted_surface
data/NEU-DET/train/images/pitted_surface/pitted_surface_130.jpg,pitted_surface
data/NEU-DET/train/images/pitted_surface/pitted_surface_124.jpg,pitted_surface
data/NEU-DET/train/images/pitted_surface/pitted_surface_82.jpg,pitted_surface
data/NEU-DET/train/images/pitted_surface/pitted_surface_69.jpg,pitted_surface
data/NEU-DET/train/images/pitted_surface/pitted_surface_55.jpg,pitted_surface
data/NEU-DET/train/images/pitted_surface/pitted_surface_32.jpg,pitted_surface
data/NEU-DET/train/images/pitted_surface/pitted_surface_209.jpg,pitted_surface
data/NEU-DET/train/images/pitted_surface/pitted_surface_221.jpg,pitted_surface
data/NEU-DET/train/images/pitted_surface/pitted_surface_180.jpg,pitted_surface
data/NEU-DET/train/images/pitted_surface/pitted_surface_156.jpg,pitted_surface
data/NEU-DET/train/images/pitted_surface/pitted_surface_142.jpg,pitted_surface
data/NEU-DET/train/images/pitted_surface/pitted_surface_220.jpg,pitted_surface
data/NEU-DET/train/images/pitted_surface/pitted_surface_234.jpg,pitted_surface
data/NEU-DET/train/images/pitted_surface/pitted_surface_208.jpg,pitted_surface
data/NEU-DET/train/images/pitted_surface/pitted_surface_27.jpg,pitted_surface
data/NEU-DET/train/images/pitted_surface/pitted_surface_31.jpg,pitted_surface
data/NEU-DET/train/images/pitted_surface/pitted_surface_236.jpg,pitted_surface
data/NEU-DET/train/images/pitted_surface/pitted_surface_6.jpg,pitted_surface
data/NEU-DET/train/images/pitted_surface/pitted_surface_168.jpg,pitted_surface
data/NEU-DET/train/images/pitted_surface/pitted_surface_154.jpg,pitted_surface
data/NEU-DET/train/images/pitted_surface/pitted_surface_197.jpg,pitted_surface
data/NEU-DET/train/images/pitted_surface/pitted_surface_183.jpg,pitted_surface
data/NEU-DET/train/images/pitted_surface/pitted_surface_182.jpg,pitted_surface
data/NEU-DET/train/images/pitted_surface/pitted_surface_196.jpg,pitted_surface
data/NEU-DET/train/images/pitted_surface/pitted_surface_141.jpg,pitted_surface
data/NEU-DET/train/images/pitted_surface/pitted_surface_155.jpg,pitted_surface
data/NEU-DET/train/images/pitted_surface/pitted_surface_169.jpg,pitted_surface
data/NEU-DET/train/images/pitted_surface/pitted_surface_7.jpg,pitted_surface
data/NEU-DET/train/images/pitted_surface/pitted_surface_223.jpg,pitted_surface
data/NEU-DET/train/images/pitted_surface/pitted_surface_24.jpg,pitted_surface
data/NEU-DET/train/images/pitted_surface/pitted_surface_30.jpg,pitted_surface
data/NEU-DET/train/images/pitted_surface/pitted_surface_18.jpg,pitted_surface
data/NEU-DET/train/images/pitted_surface/pitted_surface_34.jpg,pitted_surface
data/NEU-DET/train/images/pitted_surface/pitted_surface_227.jpg,pitted_surface
data/NEU-DET/train/images/pitted_surface/pitted_surface_233.jpg,pitted_surface
data/NEU-DET/train/images/pitted_surface/pitted_surface_3.jpg,pitted_surface
data/NEU-DET/train/images/pitted_surface/pitted_surface_145.jpg,pitted_surface
data/NEU-DET/train/images/pitted_surface/pitted_surface_179.jpg,pitted_surface
data/NEU-DET/train/images/pitted_surface/pitted_surface_192.jpg,pitted_surface
data/NEU-DET/train/images/pitted_surface/pitted_surface_186.jpg,pitted_surface
data/NEU-DET/train/images/pitted_surface/pitted_surface_187.jpg,pitted_surface
data/NEU-DET/train/images/pitted_surface/pitted_surface_193.jpg,pitted_surface
data/NEU-DET/train/images/pitted_surface/pitted_surface_178.jpg,pitted_surface
data/NEU-DET/train/images/pitted_surface/pitted_surface_144.jpg,pitted_surface
data/NEU-DET/train/images/pitted_surface/pitted_surface_150.jpg,pitted_surface
data/NEU-DET/train/images/pitted_surface/pitted_surface_226.jpg,pitted_surface
data/NEU-DET/train/images/pitted_surface/pitted_surface_23.jpg,pitted_surface
data/NEU-DET/train/images/pitted_surface/pitted_surface_230.jpg,pitted_surface
data/NEU-DET/train/images/pitted_surface/pitted_surface_224.jpg,pitted_surface
data/NEU-DET/train/images/pitted_surface/pitted_surface_218.jpg,pitted_surface
data/NEU-DET/train/images/pitted_surface/pitted_surface_146.jpg,pitted_surface
data/NEU-DET/train/images/pitted_surface/pitted_surface_184.jpg,pitted_surface
data/NEU-DET/train/images/pitted_surface/pitted_surface_147.jpg,pitted_surface
data/NEU-DET/train/images/pitted_surface/pitted_surface_1.jpg,pitted_surface
data/NEU-DET/train/images/pitted_surface/pitted_surface_219.jpg,pitted_surface
data/NEU-DET/train/images/pitted_surface/pitted_surface_225.jpg,pitted_surface
data/NEU-DET/train/images/pitted_surface/pitted_surface_231.jpg,pitted_surface
data/NEU-DET/train/images/pitted_surface/pitted_surface_36.jpg,pitted_surface
data/NEU-DET/train/images/pitted_surface/pitted_surface_22.jpg,pitted_surface
data/NEU-DET/train/images/inclusion/inclusion_58.jpg,inclusion
data/NEU-DET/train/images/inclusion/inclusion_183.jpg,inclusion
data/NEU-DET/train/images/inclusion/inclusion_70.jpg,inclusion
data/NEU-DET/train/images/inclusion/inclusion_168.jpg,inclusion
data/NEU-DET/train/images/inclusion/inclusion_154.jpg,inclusion
data/NEU-DET/train/images/inclusion/inclusion_140.jpg,inclusion
data/NEU-DET/train/images/inclusion/inclusion_236.jpg,inclusion
data/NEU-DET/train/images/inclusion/inclusion_237.jpg,inclusion
data/NEU-DET/train/images/inclusion/inclusion_141.jpg,inclusion
data/NEU-DET/train/images/inclusion/inclusion_155.jpg,inclusion
data/NEU-DET/train/images/inclusion/inclusion_169.jpg,inclusion
data/NEU-DET/train/images/inclusion/inclusion_182.jpg,inclusion
data/NEU-DET/train/images/inclusion/inclusion_65.jpg,inclusion
data/NEU-DET/train/images/inclusion/inclusion_196.jpg,inclusion
data/NEU-DET/train/images/inclusion/inclusion_59.jpg,inclusion
data/NEU-DET/train/images/inclusion/inclusion_180.jpg,inclusion
data/NEU-DET/train/images/inclusion/inclusion_73.jpg,inclusion
data/NEU-DET/train/images/inclusion/inclusion_194.jpg,inclusion
data/NEU-DET/train/images/inclusion/inclusion_67.jpg,inclusion
data/NEU-DET/train/images/inclusion/inclusion_98.jpg,inclusion
data/NEU-DET/train/images/inclusion/inclusion_143.jpg,inclusion
data/NEU-DET/train/images/inclusion/inclusion_157.jpg,inclusion
data/NEU-DET/train/images/inclusion/inclusion_209.jpg,inclusion
data/NEU-DET/train/images/inclusion/inclusion_235.jpg,inclusion
data/NEU-DET/train/images/inclusion/inclusion_221.jpg,inclusion
data/NEU-DET/train/images/inclusion/inclusion_234.jpg,inclusion
data/NEU-DET/train/images/inclusion/inclusion_208.jpg,inclusion
data/NEU-DET/train/images/inclusion/inclusion_142.jpg,inclusion
data/NEU-DET/train/images/inclusion/inclusion_66.jpg,inclusion
data/NEU-DET/train/images/inclusion/inclusion_72.jpg,inclusion
data/NEU-DET/train/images/inclusion/inclusion_181.jpg,inclusion
data/NEU-DET/train/images/inclusion/inclusion_185.jpg,inclusion
data/NEU-DET/train/images/inclusion/inclusion_76.jpg,inclusion
data/NEU-DET/train/images/inclusion/inclusion_191.jpg,inclusion
data/NEU-DET/train/images/inclusion/inclusion_152.jpg,inclusion
data/NEU-DET/train/images/inclusion/inclusion_230.jpg,inclusion
data/NEU-DET/train/images/inclusion/inclusion_219.jpg,inclusion
data/NEU-DET/train/images/inclusion/inclusion_231.jpg,inclusion
data/NEU-DET/train/images/inclusion/inclusion_88.jpg,inclusion
data/NEU-DET/train/images/inclusion/inclusion_153.jpg,inclusion
data/NEU-DET/train/images/inclusion/inclusion_147.jpg,inclusion
data/NEU-DET/train/images/inclusion/inclusion_63.jpg,inclusion
data/NEU-DET/train/images/inclusion/inclusion_190.jpg,inclusion
data/NEU-DET/train/images/inclusion/inclusion_77.jpg,inclusion
data/NEU-DET/train/images/inclusion/inclusion_184.jpg,inclusion
data/NEU-DET/train/images/inclusion/inclusion_186.jpg,inclusion
data/NEU-DET/train/images/inclusion/inclusion_75.jpg,inclusion
data/NEU-DET/train/images/inclusion/inclusion_49.jpg,inclusion
data/NEU-DET/train/images/inclusion/inclusion_151.jpg,inclusion
data/NEU-DET/train/images/inclusion/inclusion_145.jpg,inclusion
data/NEU-DET/train/images/inclusion/inclusion_227.jpg,inclusion
data/NEU-DET/train/images/inclusion/inclusion_233.jpg,inclusion
data/NEU-DET/train/images/inclusion/inclusion_178.jpg,inclusion
data/NEU-DET/train/images/inclusion/inclusion_144.jpg,inclusion
data/NEU-DET/train/images/inclusion/inclusion_150.jpg,inclusion
data/NEU-DET/train/images/inclusion/inclusion_187.jpg,inclusion
data/NEU-DET/train/images/inclusion/inclusion_60.jpg,inclusion
data/NEU-DET/train/images/inclusion/inclusion_193.jpg,inclusion
data/NEU-DET/train/images/inclusion/inclusion_9.jpg,inclusion
data/NEU-DET/train/images/inclusion/inclusion_13.jpg,inclusion
data/NEU-DET/train/images/inclusion/inclusion_240.jpg,inclusion
data/NEU-DET/train/images/inclusion/inclusion_122.jpg,inclusion
data/NEU-DET/train/images/inclusion/inclusion_136.jpg,inclusion
data/NEU-DET/train/images/inclusion/inclusion_12.jpg,inclusion
data/NEU-DET/train/images/inclusion/inclusion_8.jpg,inclusion
data/NEU-DET/train/images/inclusion/inclusion_38.jpg,inclusion
data/NEU-DET/train/images/inclusion/inclusion_10.jpg,inclusion
data/NEU-DET/train/images/inclusion/inclusion_108.jpg,inclusion
data/NEU-DET/train/images/inclusion/inclusion_120.jpg,inclusion
data/NEU-DET/train/images/inclusion/inclusion_134.jpg,inclusion
data/NEU-DET/train/images/inclusion/inclusion_11.jpg,inclusion
data/NEU-DET/train/images/inclusion/inclusion_39.jpg,inclusion
data/NEU-DET/train/images/inclusion/inclusion_29.jpg,inclusion
data/NEU-DET/train/images/inclusion/inclusion_131.jpg,inclusion
data/NEU-DET/train/images/inclusion/inclusion_119.jpg,inclusion
data/NEU-DET/train/images/inclusion/inclusion_28.jpg,inclusion
data/NEU-DET/train/images/inclusion/inclusion_14.jpg,inclusion
data/NEU-DET/train/images/inclusion/inclusion_16.jpg,inclusion
data/NEU-DET/train/images/inclusion/inclusion_132.jpg,inclusion
data/NEU-DET/train/images/inclusion/inclusion_17.jpg,inclusion
data/NEU-DET/train/images/inclusion/inclusion_32.jpg,inclusion
data/NEU-DET/train/images/inclusion/inclusion_103.jpg,inclusion
data/NEU-DET/train/images/inclusion/inclusion_117.jpg,inclusion
data/NEU-DET/train/images/inclusion/inclusion_33.jpg,inclusion
data/NEU-DET/train/images/inclusion/inclusion_27.jpg,inclusion
data/NEU-DET/train/images/inclusion/inclusion_1.jpg,inclusion
data/NEU-DET/train/images/inclusion/inclusion_3.jpg,inclusion
data/NEU-DET/train/images/inclusion/inclusion_19.jpg,inclusion
data/NEU-DET/train/images/inclusion/inclusion_25.jpg,inclusion
data/NEU-DET/train/images/inclusion/inclusion_129.jpg,inclusion
data/NEU-DET/train/images/inclusion/inclusion_115.jpg,inclusion
data/NEU-DET/train/images/inclusion/inclusion_114.jpg,inclusion
data/NEU-DET/train/images/inclusion/inclusion_128.jpg,inclusion
data/NEU-DET/train/images/inclusion/inclusion_24.jpg,inclusion
data/NEU-DET/train/images/inclusion/inclusion_30.jpg,inclusion
data/NEU-DET/train/images/inclusion/inclusion_18.jpg,inclusion
data/NEU-DET/train/images/inclusion/inclusion_2.jpg,inclusion
data/NEU-DET/train/images/inclusion/inclusion_34.jpg,inclusion
data/NEU-DET/train/images/inclusion/inclusion_20.jpg,inclusion
data/NEU-DET/train/images/inclusion/inclusion_104.jpg,inclusion
data/NEU-DET/train/images/inclusion/inclusion_110.jpg,inclusion
data/NEU-DET/train/images/inclusion/inclusion_138.jpg,inclusion
data/NEU-DET/train/images/inclusion/inclusion_105.jpg,inclusion
data/NEU-DET/train/images/inclusion/inclusion_35.jpg,inclusion
data/NEU-DET/train/images/inclusion/inclusion_7.jpg,inclusion
data/NEU-DET/train/images/inclusion/inclusion_23.jpg,inclusion
data/NEU-DET/train/images/inclusion/inclusion_37.jpg,inclusion
data/NEU-DET/train/images/inclusion/inclusion_106.jpg,inclusion
data/NEU-DET/train/images/inclusion/inclusion_36.jpg,inclusion
data/NEU-DET/train/images/inclusion/inclusion_22.jpg,inclusion
data/NEU-DET/train/images/inclusion/inclusion_4.jpg,inclusion
data/NEU-DET/train/images/inclusion/inclusion_79.jpg,inclusion
data/NEU-DET/train/images/inclusion/inclusion_45.jpg,inclusion
data/NEU-DET/train/images/inclusion/inclusion_149.jpg,inclusion
data/NEU-DET/train/images/inclusion/inclusion_175.jpg,inclusion
data/NEU-DET/train/images/inclusion/inclusion_92.jpg,inclusion
data/NEU-DET/train/images/inclusion/inclusion_161.jpg,inclusion
data/NEU-DET/train/images/inclusion/inclusion_203.jpg,inclusion
data/NEU-DET/train/images/inclusion/inclusion_217.jpg,inclusion
data/NEU-DET/train/images/inclusion/inclusion_216.jpg,inclusion
data/NEU-DET/train/images/inclusion/inclusion_160.jpg,inclusion
data/NEU-DET/train/images/inclusion/inclusion_93.jpg,inclusion
data/NEU-DET/train/images/inclusion/inclusion_87.jpg,inclusion
data/NEU-DET/train/images/inclusion/inclusion_50.jpg,inclusion
data/NEU-DET/train/images/inclusion/inclusion_44.jpg,inclusion
data/NEU-DET/train/images/inclusion/inclusion_78.jpg,inclusion
data/NEU-DET/train/images/inclusion/inclusion_189.jpg,inclusion
data/NEU-DET/train/images/inclusion/inclusion_52.jpg,inclusion
data/NEU-DET/train/images/inclusion/inclusion_46.jpg,inclusion
data/NEU-DET/train/images/inclusion/inclusion_91.jpg,inclusion
data/NEU-DET/train/images/inclusion/inclusion_228.jpg,inclusion
data/NEU-DET/train/images/inclusion/inclusion_214.jpg,inclusion
data/NEU-DET/train/images/inclusion/inclusion_200.jpg,inclusion
data/NEU-DET/train/images/inclusion/inclusion_201.jpg,inclusion
data/NEU-DET/train/images/inclusion/inclusion_215.jpg,inclusion
data/NEU-DET/train/images/inclusion/inclusion_229.jpg,inclusion
data/NEU-DET/train/images/inclusion/inclusion_177.jpg,inclusion
data/NEU-DET/train/images/inclusion/inclusion_84.jpg,inclusion
data/NEU-DET/train/images/inclusion/inclusion_90.jpg,inclusion
data/NEU-DET/train/images/inclusion/inclusion_53.jpg,inclusion
data/NEU-DET/train/images/inclusion/inclusion_188.jpg,inclusion
data/NEU-DET/train/images/inclusion/inclusion_57.jpg,inclusion
data/NEU-DET/train/images/inclusion/inclusion_198.jpg,inclusion
data/NEU-DET/train/images/inclusion/inclusion_94.jpg,inclusion
data/NEU-DET/train/images/inclusion/inclusion_80.jpg,inclusion
data/NEU-DET/train/images/inclusion/inclusion_211.jpg,inclusion
data/NEU-DET/train/images/inclusion/inclusion_239.jpg,inclusion
data/NEU-DET/train/images/inclusion/inclusion_238.jpg,inclusion
data/NEU-DET/train/images/inclusion/inclusion_210.jpg,inclusion
data/NEU-DET/train/images/inclusion/inclusion_172.jpg,inclusion
data/NEU-DET/train/images/inclusion/inclusion_81.jpg,inclusion
data/NEU-DET/train/images/inclusion/inclusion_166.jpg,inclusion
data/NEU-DET/train/images/inclusion/inclusion_95.jpg,inclusion
data/NEU-DET/train/images/inclusion/inclusion_199.jpg,inclusion
data/NEU-DET/train/images/inclusion/inclusion_42.jpg,inclusion
data/NEU-DET/train/images/inclusion/inclusion_56.jpg,inclusion
data/NEU-DET/train/images/inclusion/inclusion_40.jpg,inclusion
data/NEU-DET/train/images/inclusion/inclusion_83.jpg,inclusion
data/NEU-DET/train/images/inclusion/inclusion_170.jpg,inclusion
data/NEU-DET/train/images/inclusion/inclusion_97.jpg,inclusion
data/NEU-DET/train/images/inclusion/inclusion_164.jpg,inclusion
data/NEU-DET/train/images/inclusion/inclusion_158.jpg,inclusion
data/NEU-DET/train/images/inclusion/inclusion_206.jpg,inclusion
data/NEU-DET/train/images/inclusion/inclusion_212.jpg,inclusion
data/NEU-DET/train/images/inclusion/inclusion_207.jpg,inclusion
data/NEU-DET/train/images/inclusion/inclusion_82.jpg,inclusion
data/NEU-DET/train/images/inclusion/inclusion_55.jpg,inclusion
data/NEU-DET/train/images/inclusion/inclusion_41.jpg,inclusion
data/NEU-DET/train/images/patches/patches_162.jpg,patches
data/NEU-DET/train/images/patches/patches_176.jpg,patches
data/NEU-DET/train/images/patches/patches_22.jpg,patches
data/NEU-DET/train/images/patches/patches_36.jpg,patches
data/NEU-DET/train/images/patches/patches_228.jpg,patches
data/NEU-DET/train/images/patches/patches_214.jpg,patches
data/NEU-DET/train/images/patches/patches_200.jpg,patches
data/NEU-DET/train/images/patches/patches_201.jpg,patches
data/NEU-DET/train/images/patches/patches_215.jpg,patches
data/NEU-DET/train/images/patches/patches_37.jpg,patches
data/NEU-DET/train/images/patches/patches_23.jpg,patches
data/NEU-DET/train/images/patches/patches_188.jpg,patches
data/NEU-DET/train/images/patches/patches_177.jpg,patches
data/NEU-DET/train/images/patches/patches_149.jpg,patches
data/NEU-DET/train/images/patches/patches_175.jpg,patches
data/NEU-DET/train/images/patches/patches_161.jpg,patches
data/NEU-DET/train/images/patches/patches_217.jpg,patches
data/NEU-DET/train/images/patches/patches_216.jpg,patches
data/NEU-DET/train/images/patches/patches_20.jpg,patches
data/NEU-DET/train/images/patches/patches_174.jpg,patches
data/NEU-DET/train/images/patches/patches_148.jpg,patches
data/NEU-DET/train/images/patches/patches_164.jpg,patches
data/NEU-DET/train/images/patches/patches_158.jpg,patches
data/NEU-DET/train/images/patches/patches_24.jpg,patches
data/NEU-DET/train/images/patches/patches_18.jpg,patches
data/NEU-DET/train/images/patches/patches_206.jpg,patches
data/NEU-DET/train/images/patches/patches_8.jpg,patches
data/NEU-DET/train/images/patches/patches_9.jpg,patches
data/NEU-DET/train/images/patches/patches_207.jpg,patches
data/NEU-DET/train/images/patches/patches_25.jpg,patches
data/NEU-DET/train/images/patches/patches_31.jpg,patches
data/NEU-DET/train/images/patches/patches_159.jpg,patches
data/NEU-DET/train/images/patches/patches_165.jpg,patches
data/NEU-DET/train/images/patches/patches_171.jpg,patches
data/NEU-DET/train/images/patches/patches_27.jpg,patches
data/NEU-DET/train/images/patches/patches_198.jpg,patches
data/NEU-DET/train/images/patches/patches_211.jpg,patches
data/NEU-DET/train/images/patches/patches_205.jpg,patches
data/NEU-DET/train/images/patches/patches_239.jpg,patches
data/NEU-DET/train/images/patches/patches_238.jpg,patches
data/NEU-DET/train/images/patches/patches_204.jpg,patches
data/NEU-DET/train/images/patches/patches_210.jpg,patches
data/NEU-DET/train/images/patches/patches_32.jpg,patches
data/NEU-DET/train/images/patches/patches_26.jpg,patches
data/NEU-DET/train/images/patches/patches_172.jpg,patches
data/NEU-DET/train/images/patches/patches_166.jpg,patches
data/NEU-DET/train/images/patches/patches_101.jpg,patches
data/NEU-DET/train/images/patches/patches_41.jpg,patches
data/NEU-DET/train/images/patches/patches_55.jpg,patches
data/NEU-DET/train/images/patches/patches_54.jpg,patches
data/NEU-DET/train/images/patches/patches_40.jpg,patches
data/NEU-DET/train/images/patches/patches_68.jpg,patches
data/NEU-DET/train/images/patches/patches_97.jpg,patches
data/NEU-DET/train/images/patches/patches_114.jpg,patches
data/NEU-DET/train/images/patches/patches_100.jpg,patches
data/NEU-DET/train/images/patches/patches_83.jpg,patches
data/NEU-DET/train/images/patches/patches_128.jpg,patches
data/NEU-DET/train/images/patches/patches_95.jpg,patches
data/NEU-DET/train/images/patches/patches_81.jpg,patches
data/NEU-DET/train/images/patches/patches_42.jpg,patches
data/NEU-DET/train/images/patches/patches_43.jpg,patches
data/NEU-DET/train/images/patches/patches_57.jpg,patches
data/NEU-DET/train/images/patches/patches_80.jpg,patches
data/NEU-DET/train/images/patches/patches_117.jpg,patches
data/NEU-DET/train/images/patches/patches_107.jpg,patches
data/NEU-DET/train/images/patches/patches_53.jpg,patches
data/NEU-DET/train/images/patches/patches_47.jpg,patches
data/NEU-DET/train/images/patches/patches_46.jpg,patches
data/NEU-DET/train/images/patches/patches_106.jpg,patches
data/NEU-DET/train/images/patches/patches_85.jpg,patches
data/NEU-DET/train/images/patches/patches_91.jpg,patches
data/NEU-DET/train/images/patches/patches_112.jpg,patches
data/NEU-DET/train/images/patches/patches_104.jpg,patches
data/NEU-DET/train/images/patches/patches_93.jpg,patches
data/NEU-DET/train/images/patches/patches_138.jpg,patches
data/NEU-DET/train/images/patches/patches_78.jpg,patches
data/NEU-DET/train/images/patches/patches_79.jpg,patches
data/NEU-DET/train/images/patches/patches_139.jpg,patches
data/NEU-DET/train/images/patches/patches_111.jpg,patches
data/NEU-DET/train/images/patches/patches_92.jpg,patches
data/NEU-DET/train/images/patches/patches_105.jpg,patches
data/NEU-DET/train/images/patches/patches_120.jpg,patches
data/NEU-DET/train/images/patches/patches_134.jpg,patches
data/NEU-DET/train/images/patches/patches_48.jpg,patches
data/NEU-DET/train/images/patches/patches_60.jpg,patches
data/NEU-DET/train/images/patches/patches_74.jpg,patches
data/NEU-DET/train/images/patches/patches_75.jpg,patches
data/NEU-DET/train/images/patches/patches_61.jpg,patches
data/NEU-DET/train/images/patches/patches_49.jpg,patches
data/NEU-DET/train/images/patches/patches_135.jpg,patches
data/NEU-DET/train/images/patches/patches_121.jpg,patches
data/NEU-DET/train/images/patches/patches_109.jpg,patches
data/NEU-DET/train/images/patches/patches_88.jpg,patches
data/NEU-DET/train/images/patches/patches_137.jpg,patches
data/NEU-DET/train/images/patches/patches_123.jpg,patches
data/NEU-DET/train/images/patches/patches_77.jpg,patches
data/NEU-DET/train/images/patches/patches_63.jpg,patches
data/NEU-DET/train/images/patches/patches_240.jpg,patches
data/NEU-DET/train/images/patches/patches_76.jpg,patches
data/NEU-DET/train/images/patches/patches_136.jpg,patches
data/NEU-DET/train/images/patches/patches_89.jpg,patches
data/NEU-DET/train/images/patches/patches_132.jpg,patches
data/NEU-DET/train/images/patches/patches_126.jpg,patches
data/NEU-DET/train/images/patches/patches_99.jpg,patches
data/NEU-DET/train/images/patches/patches_73.jpg,patches
data/NEU-DET/train/images/patches/patches_98.jpg,patches
data/NEU-DET/train/images/patches/patches_125.jpg,patches
data/NEU-DET/train/images/patches/patches_65.jpg,patches
data/NEU-DET/train/images/patches/patches_58.jpg,patches
data/NEU-DET/train/images/patches/patches_70.jpg,patches
data/NEU-DET/train/images/patches/patches_118.jpg,patches
data/NEU-DET/train/images/patches/patches_130.jpg,patches
data/NEU-DET/train/images/patches/patches_124.jpg,patches
data/NEU-DET/train/images/patches/patches_143.jpg,patches
data/NEU-DET/train/images/patches/patches_157.jpg,patches
data/NEU-DET/train/images/patches/patches_180.jpg,patches
data/NEU-DET/train/images/patches/patches_194.jpg,patches
data/NEU-DET/train/images/patches/patches_209.jpg,patches
data/NEU-DET/train/images/patches/patches_221.jpg,patches
data/NEU-DET/train/images/patches/patches_6.jpg,patches
data/NEU-DET/train/images/patches/patches_220.jpg,patches
data/NEU-DET/train/images/patches/patches_234.jpg,patches
data/NEU-DET/train/images/patches/patches_195.jpg,patches
data/NEU-DET/train/images/patches/patches_156.jpg,patches
data/NEU-DET/train/images/patches/patches_168.jpg,patches
data/NEU-DET/train/images/patches/patches_154.jpg,patches
data/NEU-DET/train/images/patches/patches_140.jpg,patches
data/NEU-DET/train/images/patches/patches_14.jpg,patches
data/NEU-DET/train/images/patches/patches_183.jpg,patches
data/NEU-DET/train/images/patches/patches_222.jpg,patches
data/NEU-DET/train/images/patches/patches_5.jpg,patches
data/NEU-DET/train/images/patches/patches_237.jpg,patches
data/NEU-DET/train/images/patches/patches_223.jpg,patches
data/NEU-DET/train/images/patches/patches_15.jpg,patches
data/NEU-DET/train/images/patches/patches_29.jpg,patches
data/NEU-DET/train/images/patches/patches_141.jpg,patches
data/NEU-DET/train/images/patches/patches_169.jpg,patches
data/NEU-DET/train/images/patches/patches_151.jpg,patches
data/NEU-DET/train/images/patches/patches_145.jpg,patches
data/NEU-DET/train/images/patches/patches_192.jpg,patches
data/NEU-DET/train/images/patches/patches_11.jpg,patches
data/NEU-DET/train/images/patches/patches_186.jpg,patches
data/NEU-DET/train/images/patches/patches_39.jpg,patches
data/NEU-DET/train/images/patches/patches_227.jpg,patches
data/NEU-DET/train/images/patches/patches_233.jpg,patches
data/NEU-DET/train/images/patches/patches_1.jpg,patches
data/NEU-DET/train/images/patches/patches_232.jpg,patches
data/NEU-DET/train/images/patches/patches_226.jpg,patches
data/NEU-DET/train/images/patches/patches_38.jpg,patches
data/NEU-DET/train/images/patches/patches_187.jpg,patches
data/NEU-DET/train/images/patches/patches_193.jpg,patches
data/NEU-DET/train/images/patches/patches_10.jpg,patches
data/NEU-DET/train/images/patches/patches_144.jpg,patches
data/NEU-DET/train/images/patches/patches_150.jpg,patches
data/NEU-DET/train/images/patches/patches_146.jpg,patches
data/NEU-DET/train/images/patches/patches_152.jpg,patches
data/NEU-DET/train/images/patches/patches_185.jpg,patches
data/NEU-DET/train/images/patches/patches_12.jpg,patches
data/NEU-DET/train/images/patches/patches_191.jpg,patches
data/NEU-DET/train/images/patches/patches_218.jpg,patches
data/NEU-DET/train/images/patches/patches_2.jpg,patches
data/NEU-DET/train/images/patches/patches_3.jpg,patches
data/NEU-DET/train/images/patches/patches_219.jpg,patches
data/NEU-DET/train/images/patches/patches_225.jpg,patches
data/NEU-DET/train/images/patches/patches_231.jpg,patches
data/NEU-DET/train/images/patches/patches_13.jpg,patches
data/NEU-DET/train/images/patches/patches_184.jpg,patches
data/NEU-DET/train/images/patches/patches_153.jpg,patches
data/NEU-DET/train/images/rolled-in_scale/rolled-in_scale_239.jpg,rolled-in_scale
data/NEU-DET/train/images/rolled-in_scale/rolled-in_scale_205.jpg,rolled-in_scale
data/NEU-DET/train/images/rolled-in_scale/rolled-in_scale_18.jpg,rolled-in_scale
data/NEU-DET/train/images/rolled-in_scale/rolled-in_scale_24.jpg,rolled-in_scale
data/NEU-DET/train/images/rolled-in_scale/rolled-in_scale_173.jpg,rolled-in_scale
data/NEU-DET/train/images/rolled-in_scale/rolled-in_scale_198.jpg,rolled-in_scale
data/NEU-DET/train/images/rolled-in_scale/rolled-in_scale_199.jpg,rolled-in_scale
data/NEU-DET/train/images/rolled-in_scale/rolled-in_scale_172.jpg,rolled-in_scale
data/NEU-DET/train/images/rolled-in_scale/rolled-in_scale_25.jpg,rolled-in_scale
data/NEU-DET/train/images/rolled-in_scale/rolled-in_scale_31.jpg,rolled-in_scale
data/NEU-DET/train/images/rolled-in_scale/rolled-in_scale_210.jpg,rolled-in_scale
data/NEU-DET/train/images/rolled-in_scale/rolled-in_scale_204.jpg,rolled-in_scale
data/NEU-DET/train/images/rolled-in_scale/rolled-in_scale_238.jpg,rolled-in_scale
data/NEU-DET/train/images/rolled-in_scale/rolled-in_scale_9.jpg,rolled-in_scale
data/NEU-DET/train/images/rolled-in_scale/rolled-in_scale_212.jpg,rolled-in_scale
data/NEU-DET/train/images/rolled-in_scale/rolled-in_scale_33.jpg,rolled-in_scale
data/NEU-DET/train/images/rolled-in_scale/rolled-in_scale_158.jpg,rolled-in_scale
data/NEU-DET/train/images/rolled-in_scale/rolled-in_scale_164.jpg,rolled-in_scale
data/NEU-DET/train/images/rolled-in_scale/rolled-in_scale_165.jpg,rolled-in_scale
data/NEU-DET/train/images/rolled-in_scale/rolled-in_scale_32.jpg,rolled-in_scale
data/NEU-DET/train/images/rolled-in_scale/rolled-in_scale_26.jpg,rolled-in_scale
data/NEU-DET/train/images/rolled-in_scale/rolled-in_scale_207.jpg,rolled-in_scale
data/NEU-DET/train/images/rolled-in_scale/rolled-in_scale_213.jpg,rolled-in_scale
data/NEU-DET/train/images/rolled-in_scale/rolled-in_scale_8.jpg,rolled-in_scale
data/NEU-DET/train/images/rolled-in_scale/rolled-in_scale_203.jpg,rolled-in_scale
data/NEU-DET/train/images/rolled-in_scale/rolled-in_scale_161.jpg,rolled-in_scale
data/NEU-DET/train/images/rolled-in_scale/rolled-in_scale_175.jpg,rolled-in_scale
data/NEU-DET/train/images/rolled-in_scale/rolled-in_scale_149.jpg,rolled-in_scale
data/NEU-DET/train/images/rolled-in_scale/rolled-in_scale_148.jpg,rolled-in_scale
data/NEU-DET/train/images/rolled-in_scale/rolled-in_scale_174.jpg,rolled-in_scale
data/NEU-DET/train/images/rolled-in_scale/rolled-in_scale_160.jpg,rolled-in_scale
data/NEU-DET/train/images/rolled-in_scale/rolled-in_scale_37.jpg,rolled-in_scale
data/NEU-DET/train/images/rolled-in_scale/rolled-in_scale_216.jpg,rolled-in_scale
data/NEU-DET/train/images/rolled-in_scale/rolled-in_scale_214.jpg,rolled-in_scale
data/NEU-DET/train/images/rolled-in_scale/rolled-in_scale_228.jpg,rolled-in_scale
data/NEU-DET/train/images/rolled-in_scale/rolled-in_scale_35.jpg,rolled-in_scale
data/NEU-DET/train/images/rolled-in_scale/rolled-in_scale_176.jpg,rolled-in_scale
data/NEU-DET/train/images/rolled-in_scale/rolled-in_scale_162.jpg,rolled-in_scale
data/NEU-DET/train/images/rolled-in_scale/rolled-in_scale_189.jpg,rolled-in_scale
data/NEU-DET/train/images/rolled-in_scale/rolled-in_scale_188.jpg,rolled-in_scale
data/NEU-DET/train/images/rolled-in_scale/rolled-in_scale_177.jpg,rolled-in_scale
data/NEU-DET/train/images/rolled-in_scale/rolled-in_scale_20.jpg,rolled-in_scale
data/NEU-DET/train/images/rolled-in_scale/rolled-in_scale_34.jpg,rolled-in_scale
data/NEU-DET/train/images/rolled-in_scale/rolled-in_scale_229.jpg,rolled-in_scale
data/NEU-DET/train/images/rolled-in_scale/rolled-in_scale_215.jpg,rolled-in_scale
data/NEU-DET/train/images/rolled-in_scale/rolled-in_scale_201.jpg,rolled-in_scale
data/NEU-DET/train/images/rolled-in_scale/rolled-in_scale_90.jpg,rolled-in_scale
data/NEU-DET/train/images/rolled-in_scale/rolled-in_scale_84.jpg,rolled-in_scale
data/NEU-DET/train/images/rolled-in_scale/rolled-in_scale_53.jpg,rolled-in_scale
data/NEU-DET/train/images/rolled-in_scale/rolled-in_scale_110.jpg,rolled-in_scale
data/NEU-DET/train/images/rolled-in_scale/rolled-in_scale_105.jpg,rolled-in_scale
data/NEU-DET/train/images/rolled-in_scale/rolled-in_scale_111.jpg,rolled-in_scale
data/NEU-DET/train/images/rolled-in_scale/rolled-in_scale_139.jpg,rolled-in_scale
data/NEU-DET/train/images/rolled-in_scale/rolled-in_scale_46.jpg,rolled-in_scale
data/NEU-DET/train/images/rolled-in_scale/rolled-in_scale_52.jpg,rolled-in_scale
data/NEU-DET/train/images/rolled-in_scale/rolled-in_scale_91.jpg,rolled-in_scale
data/NEU-DET/train/images/rolled-in_scale/rolled-in_scale_87.jpg,rolled-in_scale
data/NEU-DET/train/images/rolled-in_scale/rolled-in_scale_93.jpg,rolled-in_scale
data/NEU-DET/train/images/rolled-in_scale/rolled-in_scale_78.jpg,rolled-in_scale
data/NEU-DET/train/images/rolled-in_scale/rolled-in_scale_50.jpg,rolled-in_scale
data/NEU-DET/train/images/rolled-in_scale/rolled-in_scale_107.jpg,rolled-in_scale
data/NEU-DET/train/images/rolled-in_scale/rolled-in_scale_106.jpg,rolled-in_scale
data/NEU-DET/train/images/rolled-in_scale/rolled-in_scale_51.jpg,rolled-in_scale
data/NEU-DET/train/images/rolled-in_scale/rolled-in_scale_45.jpg,rolled-in_scale
data/NEU-DET/train/images/rolled-in_scale/rolled-in_scale_79.jpg,rolled-in_scale
data/NEU-DET/train/images/rolled-in_scale/rolled-in_scale_92.jpg,rolled-in_scale
data/NEU-DET/train/images/rolled-in_scale/rolled-in_scale_86.jpg,rolled-in_scale
data/NEU-DET/train/images/rolled-in_scale/rolled-in_scale_82.jpg,rolled-in_scale
data/NEU-DET/train/images/rolled-in_scale/rolled-in_scale_41.jpg,rolled-in_scale
data/NEU-DET/train/images/rolled-in_scale/rolled-in_scale_55.jpg,rolled-in_scale
data/NEU-DET/train/images/rolled-in_scale/rolled-in_scale_103.jpg,rolled-in_scale
data/NEU-DET/train/images/rolled-in_scale/rolled-in_scale_68.jpg,rolled-in_scale
data/NEU-DET/train/images/rolled-in_scale/rolled-in_scale_54.jpg,rolled-in_scale
data/NEU-DET/train/images/rolled-in_scale/rolled-in_scale_40.jpg,rolled-in_scale
data/NEU-DET/train/images/rolled-in_scale/rolled-in_scale_97.jpg,rolled-in_scale
data/NEU-DET/train/images/rolled-in_scale/rolled-in_scale_83.jpg,rolled-in_scale
data/NEU-DET/train/images/rolled-in_scale/rolled-in_scale_56.jpg,rolled-in_scale
data/NEU-DET/train/images/rolled-in_scale/rolled-in_scale_100.jpg,rolled-in_scale
data/NEU-DET/train/images/rolled-in_scale/rolled-in_scale_43.jpg,rolled-in_scale
data/NEU-DET/train/images/rolled-in_scale/rolled-in_scale_94.jpg,rolled-in_scale
data/NEU-DET/train/images/rolled-in_scale/rolled-in_scale_72.jpg,rolled-in_scale
data/NEU-DET/train/images/rolled-in_scale/rolled-in_scale_66.jpg,rolled-in_scale
data/NEU-DET/train/images/rolled-in_scale/rolled-in_scale_119.jpg,rolled-in_scale
data/NEU-DET/train/images/rolled-in_scale/rolled-in_scale_131.jpg,rolled-in_scale
data/NEU-DET/train/images/rolled-in_scale/rolled-in_scale_125.jpg,rolled-in_scale
data/NEU-DET/train/images/rolled-in_scale/rolled-in_scale_124.jpg,rolled-in_scale
data/NEU-DET/train/images/rolled-in_scale/rolled-in_scale_130.jpg,rolled-in_scale
data/NEU-DET/train/images/rolled-in_scale/rolled-in_scale_98.jpg,rolled-in_scale
data/NEU-DET/train/images/rolled-in_scale/rolled-in_scale_59.jpg,rolled-in_scale
data/NEU-DET/train/images/rolled-in_scale/rolled-in_scale_65.jpg,rolled-in_scale
data/NEU-DET/train/images/rolled-in_scale/rolled-in_scale_126.jpg,rolled-in_scale
data/NEU-DET/train/images/rolled-in_scale/rolled-in_scale_132.jpg,rolled-in_scale
data/NEU-DET/train/images/rolled-in_scale/rolled-in_scale_133.jpg,rolled-in_scale
data/NEU-DET/train/images/rolled-in_scale/rolled-in_scale_127.jpg,rolled-in_scale
data/NEU-DET/train/images/rolled-in_scale/rolled-in_scale_70.jpg,rolled-in_scale
data/NEU-DET/train/images/rolled-in_scale/rolled-in_scale_64.jpg,rolled-in_scale
data/NEU-DET/train/images/rolled-in_scale/rolled-in_scale_58.jpg,rolled-in_scale
data/NEU-DET/train/images/rolled-in_scale/rolled-in_scale_60.jpg,rolled-in_scale
data/NEU-DET/train/images/rolled-in_scale/rolled-in_scale_74.jpg,rolled-in_scale
data/NEU-DET/train/images/rolled-in_scale/rolled-in_scale_48.jpg,rolled-in_scale
data/NEU-DET/train/images/rolled-in_scale/rolled-in_scale_123.jpg,rolled-in_scale
data/NEU-DET/train/images/rolled-in_scale/rolled-in_scale_137.jpg,rolled-in_scale
data/NEU-DET/train/images/rolled-in_scale/rolled-in_scale_136.jpg,rolled-in_scale
data/NEU-DET/train/images/rolled-in_scale/rolled-in_scale_122.jpg,rolled-in_scale
data/NEU-DET/train/images/rolled-in_scale/rolled-in_scale_49.jpg,rolled-in_scale
data/NEU-DET/train/images/rolled-in_scale/rolled-in_scale_75.jpg,rolled-in_scale
data/NEU-DET/train/images/rolled-in_scale/rolled-in_scale_240.jpg,rolled-in_scale
data/NEU-DET/train/images/rolled-in_scale/rolled-in_scale_88.jpg,rolled-in_scale
data/NEU-DET/train/images/rolled-in_scale/rolled-in_scale_77.jpg,rolled-in_scale
data/NEU-DET/train/images/rolled-in_scale/rolled-in_scale_134.jpg,rolled-in_scale
data/NEU-DET/train/images/rolled-in_scale/rolled-in_scale_120.jpg,rolled-in_scale
data/NEU-DET/train/images/rolled-in_scale/rolled-in_scale_108.jpg,rolled-in_scale
data/NEU-DET/train/images/rolled-in_scale/rolled-in_scale_109.jpg,rolled-in_scale
data/NEU-DET/train/images/rolled-in_scale/rolled-in_scale_121.jpg,rolled-in_scale
data/NEU-DET/train/images/rolled-in_scale/rolled-in_scale_135.jpg,rolled-in_scale
data/NEU-DET/train/images/rolled-in_scale/rolled-in_scale_62.jpg,rolled-in_scale
data/NEU-DET/train/images/rolled-in_scale/rolled-in_scale_76.jpg,rolled-in_scale
data/NEU-DET/train/images/rolled-in_scale/rolled-in_scale_89.jpg,rolled-in_scale
data/NEU-DET/train/images/rolled-in_scale/rolled-in_scale_3.jpg,rolled-in_scale
data/NEU-DET/train/images/rolled-in_scale/rolled-in_scale_218.jpg,rolled-in_scale
data/NEU-DET/train/images/rolled-in_scale/rolled-in_scale_224.jpg,rolled-in_scale
data/NEU-DET/train/images/rolled-in_scale/rolled-in_scale_230.jpg,rolled-in_scale
data/NEU-DET/train/images/rolled-in_scale/rolled-in_scale_11.jpg,rolled-in_scale
data/NEU-DET/train/images/rolled-in_scale/rolled-in_scale_146.jpg,rolled-in_scale
data/NEU-DET/train/images/rolled-in_scale/rolled-in_scale_185.jpg,rolled-in_scale
data/NEU-DET/train/images/rolled-in_scale/rolled-in_scale_184.jpg,rolled-in_scale
data/NEU-DET/train/images/rolled-in_scale/rolled-in_scale_190.jpg,rolled-in_scale
data/NEU-DET/train/images/rolled-in_scale/rolled-in_scale_10.jpg,rolled-in_scale
data/NEU-DET/train/images/rolled-in_scale/rolled-in_scale_38.jpg,rolled-in_scale
data/NEU-DET/train/images/rolled-in_scale/rolled-in_scale_225.jpg,rolled-in_scale
data/NEU-DET/train/images/rolled-in_scale/rolled-in_scale_2.jpg,rolled-in_scale
data/NEU-DET/train/images/rolled-in_scale/rolled-in_scale_227.jpg,rolled-in_scale
data/NEU-DET/train/images/rolled-in_scale/rolled-in_scale_12.jpg,rolled-in_scale
data/NEU-DET/train/images/rolled-in_scale/rolled-in_scale_179.jpg,rolled-in_scale
data/NEU-DET/train/images/rolled-in_scale/rolled-in_scale_151.jpg,rolled-in_scale
data/NEU-DET/train/images/rolled-in_scale/rolled-in_scale_186.jpg,rolled-in_scale
data/NEU-DET/train/images/rolled-in_scale/rolled-in_scale_192.jpg,rolled-in_scale
data/NEU-DET/train/images/rolled-in_scale/rolled-in_scale_187.jpg,rolled-in_scale
data/NEU-DET/train/images/rolled-in_scale/rolled-in_scale_178.jpg,rolled-in_scale
data/NEU-DET/train/images/rolled-in_scale/rolled-in_scale_226.jpg,rolled-in_scale
data/NEU-DET/train/images/rolled-in_scale/rolled-in_scale_232.jpg,rolled-in_scale
data/NEU-DET/train/images/rolled-in_scale/rolled-in_scale_5.jpg,rolled-in_scale
data/NEU-DET/train/images/rolled-in_scale/rolled-in_scale_17.jpg,rolled-in_scale
data/NEU-DET/train/images/rolled-in_scale/rolled-in_scale_140.jpg,rolled-in_scale
data/NEU-DET/train/images/rolled-in_scale/rolled-in_scale_154.jpg,rolled-in_scale
data/NEU-DET/train/images/rolled-in_scale/rolled-in_scale_168.jpg,rolled-in_scale
data/NEU-DET/train/images/rolled-in_scale/rolled-in_scale_197.jpg,rolled-in_scale
data/NEU-DET/train/images/rolled-in_scale/rolled-in_scale_169.jpg,rolled-in_scale
data/NEU-DET/train/images/rolled-in_scale/rolled-in_scale_155.jpg,rolled-in_scale
data/NEU-DET/train/images/rolled-in_scale/rolled-in_scale_141.jpg,rolled-in_scale
data/NEU-DET/train/images/rolled-in_scale/rolled-in_scale_16.jpg,rolled-in_scale
data/NEU-DET/train/images/rolled-in_scale/rolled-in_scale_237.jpg,rolled-in_scale
data/NEU-DET/train/images/rolled-in_scale/rolled-in_scale_4.jpg,rolled-in_scale
data/NEU-DET/train/images/rolled-in_scale/rolled-in_scale_6.jpg,rolled-in_scale
data/NEU-DET/train/images/rolled-in_scale/rolled-in_scale_221.jpg,rolled-in_scale
data/NEU-DET/train/images/rolled-in_scale/rolled-in_scale_235.jpg,rolled-in_scale
data/NEU-DET/train/images/rolled-in_scale/rolled-in_scale_209.jpg,rolled-in_scale
data/NEU-DET/train/images/rolled-in_scale/rolled-in_scale_14.jpg,rolled-in_scale
data/NEU-DET/train/images/rolled-in_scale/rolled-in_scale_28.jpg,rolled-in_scale
data/NEU-DET/train/images/rolled-in_scale/rolled-in_scale_157.jpg,rolled-in_scale
data/NEU-DET/train/images/rolled-in_scale/rolled-in_scale_143.jpg,rolled-in_scale
data/NEU-DET/train/images/rolled-in_scale/rolled-in_scale_194.jpg,rolled-in_scale
data/NEU-DET/train/images/rolled-in_scale/rolled-in_scale_180.jpg,rolled-in_scale
data/NEU-DET/train/images/rolled-in_scale/rolled-in_scale_181.jpg,rolled-in_scale
data/NEU-DET/train/images/rolled-in_scale/rolled-in_scale_195.jpg,rolled-in_scale
data/NEU-DET/train/images/rolled-in_scale/rolled-in_scale_234.jpg,rolled-in_scale
data/NEU-DET/train/images/rolled-in_scale/rolled-in_scale_220.jpg,rolled-in_scale
data/NEU-DET/train/images/rolled-in_scale/rolled-in_scale_7.jpg,rolled-in_scale
data/NEU-DET/train/images/scratches/scratches_225.jpg,scratches
data/NEU-DET/train/images/scratches/scratches_231.jpg,scratches
data/NEU-DET/train/images/scratches/scratches_153.jpg,scratches
data/NEU-DET/train/images/scratches/scratches_147.jpg,scratches
data/NEU-DET/train/images/scratches/scratches_184.jpg,scratches
data/NEU-DET/train/images/scratches/scratches_11.jpg,scratches
data/NEU-DET/train/images/scratches/scratches_10.jpg,scratches
data/NEU-DET/train/images/scratches/scratches_38.jpg,scratches
data/NEU-DET/train/images/scratches/scratches_191.jpg,scratches
data/NEU-DET/train/images/scratches/scratches_146.jpg,scratches
data/NEU-DET/train/images/scratches/scratches_152.jpg,scratches
data/NEU-DET/train/images/scratches/scratches_218.jpg,scratches
data/NEU-DET/train/images/scratches/scratches_224.jpg,scratches
data/NEU-DET/train/images/scratches/scratches_232.jpg,scratches
data/NEU-DET/train/images/scratches/scratches_226.jpg,scratches
data/NEU-DET/train/images/scratches/scratches_144.jpg,scratches
data/NEU-DET/train/images/scratches/scratches_178.jpg,scratches
data/NEU-DET/train/images/scratches/scratches_193.jpg,scratches
data/NEU-DET/train/images/scratches/scratches_12.jpg,scratches
data/NEU-DET/train/images/scratches/scratches_13.jpg,scratches
data/NEU-DET/train/images/scratches/scratches_186.jpg,scratches
data/NEU-DET/train/images/scratches/scratches_179.jpg,scratches
data/NEU-DET/train/images/scratches/scratches_151.jpg,scratches
data/NEU-DET/train/images/scratches/scratches_227.jpg,scratches
data/NEU-DET/train/images/scratches/scratches_233.jpg,scratches
data/NEU-DET/train/images/scratches/scratches_237.jpg,scratches
data/NEU-DET/train/images/scratches/scratches_223.jpg,scratches
data/NEU-DET/train/images/scratches/scratches_169.jpg,scratches
data/NEU-DET/train/images/scratches/scratches_17.jpg,scratches
data/NEU-DET/train/images/scratches/scratches_182.jpg,scratches
data/NEU-DET/train/images/scratches/scratches_196.jpg,scratches
data/NEU-DET/train/images/scratches/scratches_197.jpg,scratches
data/NEU-DET/train/images/scratches/scratches_183.jpg,scratches
data/NEU-DET/train/images/scratches/scratches_16.jpg,scratches
data/NEU-DET/train/images/scratches/scratches_140.jpg,scratches
data/NEU-DET/train/images/scratches/scratches_168.jpg,scratches
data/NEU-DET/train/images/scratches/scratches_222.jpg,scratches
data/NEU-DET/train/images/scratches/scratches_236.jpg,scratches
data/NEU-DET/train/images/scratches/scratches_208.jpg,scratches
data/NEU-DET/train/images/scratches/scratches_220.jpg,scratches
data/NEU-DET/train/images/scratches/scratches_156.jpg,scratches
data/NEU-DET/train/images/scratches/scratches_142.jpg,scratches
data/NEU-DET/train/images/scratches/scratches_195.jpg,scratches
data/NEU-DET/train/images/scratches/scratches_181.jpg,scratches
data/NEU-DET/train/images/scratches/scratches_28.jpg,scratches
data/NEU-DET/train/images/scratches/scratches_29.jpg,scratches
data/NEU-DET/train/images/scratches/scratches_180.jpg,scratches
data/NEU-DET/train/images/scratches/scratches_194.jpg,scratches
data/NEU-DET/train/images/scratches/scratches_15.jpg,scratches
data/NEU-DET/train/images/scratches/scratches_143.jpg,scratches
data/NEU-DET/train/images/scratches/scratches_221.jpg,scratches
data/NEU-DET/train/images/scratches/scratches_209.jpg,scratches
data/NEU-DET/train/images/scratches/scratches_99.jpg,scratches
data/NEU-DET/train/images/scratches/scratches_130.jpg,scratches
data/NEU-DET/train/images/scratches/scratches_124.jpg,scratches
data/NEU-DET/train/images/scratches/scratches_118.jpg,scratches
data/NEU-DET/train/images/scratches/scratches_66.jpg,scratches
data/NEU-DET/train/images/scratches/scratches_119.jpg,scratches
data/NEU-DET/train/images/scratches/scratches_131.jpg,scratches
data/NEU-DET/train/images/scratches/scratches_98.jpg,scratches
data/NEU-DET/train/images/scratches/scratches_4.jpg,scratches
data/NEU-DET/train/images/scratches/scratches_133.jpg,scratches
data/NEU-DET/train/images/scratches/scratches_59.jpg,scratches
data/NEU-DET/train/images/scratches/scratches_71.jpg,scratches
data/NEU-DET/train/images/scratches/scratches_65.jpg,scratches
data/NEU-DET/train/images/scratches/scratches_64.jpg,scratches
data/NEU-DET/train/images/scratches/scratches_70.jpg,scratches
data/NEU-DET/train/images/scratches/scratches_58.jpg,scratches
data/NEU-DET/train/images/scratches/scratches_132.jpg,scratches
data/NEU-DET/train/images/scratches/scratches_3.jpg,scratches
data/NEU-DET/train/images/scratches/scratches_122.jpg,scratches
data/NEU-DET/train/images/scratches/scratches_136.jpg,scratches
data/NEU-DET/train/images/scratches/scratches_49.jpg,scratches
data/NEU-DET/train/images/scratches/scratches_61.jpg,scratches
data/NEU-DET/train/images/scratches/scratches_75.jpg,scratches
data/NEU-DET/train/images/scratches/scratches_137.jpg,scratches
data/NEU-DET/train/images/scratches/scratches_123.jpg,scratches
data/NEU-DET/train/images/scratches/scratches_2.jpg,scratches
data/NEU-DET/train/images/scratches/scratches_109.jpg,scratches
data/NEU-DET/train/images/scratches/scratches_135.jpg,scratches
data/NEU-DET/train/images/scratches/scratches_88.jpg,scratches
data/NEU-DET/train/images/scratches/scratches_121.jpg,scratches
data/NEU-DET/train/images/scratches/scratches_63.jpg,scratches
data/NEU-DET/train/images/scratches/scratches_62.jpg,scratches
data/NEU-DET/train/images/scratches/scratches_120.jpg,scratches
data/NEU-DET/train/images/scratches/scratches_108.jpg,scratches
data/NEU-DET/train/images/scratches/scratches_111.jpg,scratches
data/NEU-DET/train/images/scratches/scratches_105.jpg,scratches
data/NEU-DET/train/images/scratches/scratches_84.jpg,scratches
data/NEU-DET/train/images/scratches/scratches_90.jpg,scratches
data/NEU-DET/train/images/scratches/scratches_47.jpg,scratches
data/NEU-DET/train/images/scratches/scratches_52.jpg,scratches
data/NEU-DET/train/images/scratches/scratches_46.jpg,scratches
data/NEU-DET/train/images/scratches/scratches_104.jpg,scratches
data/NEU-DET/train/images/scratches/scratches_110.jpg,scratches
data/NEU-DET/train/images/scratches/scratches_106.jpg,scratches
data/NEU-DET/train/images/scratches/scratches_112.jpg,scratches
data/NEU-DET/train/images/scratches/scratches_93.jpg,scratches
data/NEU-DET/train/images/scratches/scratches_87.jpg,scratches
data/NEU-DET/train/images/scratches/scratches_78.jpg,scratches
data/NEU-DET/train/images/scratches/scratches_50.jpg,scratches
data/NEU-DET/train/images/scratches/scratches_45.jpg,scratches
data/NEU-DET/train/images/scratches/scratches_51.jpg,scratches
data/NEU-DET/train/images/scratches/scratches_79.jpg,scratches
data/NEU-DET/train/images/scratches/scratches_86.jpg,scratches
data/NEU-DET/train/images/scratches/scratches_113.jpg,scratches
data/NEU-DET/train/images/scratches/scratches_96.jpg,scratches
data/NEU-DET/train/images/scratches/scratches_82.jpg,scratches
data/NEU-DET/train/images/scratches/scratches_117.jpg,scratches
data/NEU-DET/train/images/scratches/scratches_41.jpg,scratches
data/NEU-DET/train/images/scratches/scratches_69.jpg,scratches
data/NEU-DET/train/images/scratches/scratches_68.jpg,scratches
data/NEU-DET/train/images/scratches/scratches_40.jpg,scratches
data/NEU-DET/train/images/scratches/scratches_54.jpg,scratches
data/NEU-DET/train/images/scratches/scratches_116.jpg,scratches
data/NEU-DET/train/images/scratches/scratches_102.jpg,scratches
data/NEU-DET/train/images/scratches/scratches_83.jpg,scratches
data/NEU-DET/train/images/scratches/scratches_97.jpg,scratches
data/NEU-DET/train/images/scratches/scratches_9.jpg,scratches
data/NEU-DET/train/images/scratches/scratches_128.jpg,scratches
data/NEU-DET/train/images/scratches/scratches_42.jpg,scratches
data/NEU-DET/train/images/scratches/scratches_56.jpg,scratches
data/NEU-DET/train/images/scratches/scratches_43.jpg,scratches
data/NEU-DET/train/images/scratches/scratches_94.jpg,scratches
data/NEU-DET/train/images/scratches/scratches_8.jpg,scratches
data/NEU-DET/train/images/scratches/scratches_210.jpg,scratches
data/NEU-DET/train/images/scratches/scratches_172.jpg,scratches
data/NEU-DET/train/images/scratches/scratches_18.jpg,scratches
data/NEU-DET/train/images/scratches/scratches_199.jpg,scratches
data/NEU-DET/train/images/scratches/scratches_25.jpg,scratches
data/NEU-DET/train/images/scratches/scratches_19.jpg,scratches
data/NEU-DET/train/images/scratches/scratches_167.jpg,scratches
data/NEU-DET/train/images/scratches/scratches_173.jpg,scratches
data/NEU-DET/train/images/scratches/scratches_239.jpg,scratches
data/NEU-DET/train/images/scratches/scratches_205.jpg,scratches
data/NEU-DET/train/images/scratches/scratches_213.jpg,scratches
data/NEU-DET/train/images/scratches/scratches_207.jpg,scratches
data/NEU-DET/train/images/scratches/scratches_165.jpg,scratches
data/NEU-DET/train/images/scratches/scratches_171.jpg,scratches
data/NEU-DET/train/images/scratches/scratches_159.jpg,scratches
data/NEU-DET/train/images/scratches/scratches_33.jpg,scratches
data/NEU-DET/train/images/scratches/scratches_27.jpg,scratches
data/NEU-DET/train/images/scratches/scratches_26.jpg,scratches
data/NEU-DET/train/images/scratches/scratches_158.jpg,scratches
data/NEU-DET/train/images/scratches/scratches_164.jpg,scratches
data/NEU-DET/train/images/scratches/scratches_206.jpg,scratches
data/NEU-DET/train/images/scratches/scratches_212.jpg,scratches
data/NEU-DET/train/images/scratches/scratches_174.jpg,scratches
data/NEU-DET/train/images/scratches/scratches_36.jpg,scratches
data/NEU-DET/train/images/scratches/scratches_22.jpg,scratches
data/NEU-DET/train/images/scratches/scratches_23.jpg,scratches
data/NEU-DET/train/images/scratches/scratches_37.jpg,scratches
data/NEU-DET/train/images/scratches/scratches_175.jpg,scratches
data/NEU-DET/train/images/scratches/scratches_161.jpg,scratches
data/NEU-DET/train/images/scratches/scratches_149.jpg,scratches
data/NEU-DET/train/images/scratches/scratches_229.jpg,scratches
data/NEU-DET/train/images/scratches/scratches_201.jpg,scratches
data/NEU-DET/train/images/scratches/scratches_177.jpg,scratches
data/NEU-DET/train/images/scratches/scratches_163.jpg,scratches
data/NEU-DET/train/images/scratches/scratches_188.jpg,scratches
data/NEU-DET/train/images/scratches/scratches_21.jpg,scratches
data/NEU-DET/train/images/scratches/scratches_35.jpg,scratches
data/NEU-DET/train/images/scratches/scratches_20.jpg,scratches
data/NEU-DET/train/images/scratches/scratches_189.jpg,scratches
data/NEU-DET/train/images/scratches/scratches_162.jpg,scratches
data/NEU-DET/train/images/scratches/scratches_214.jpg,scratches
data/NEU-DET/train/images/scratches/scratches_200.jpg,scratches
data/NEU-DET/train/images/scratches/scratches_228.jpg,scratches
data/NEU-DET/train/images/crazing/crazing_8.jpg,crazing
data/NEU-DET/train/images/crazing/crazing_61.jpg,crazing
data/NEU-DET/train/images/crazing/crazing_219.jpg,crazing
data/NEU-DET/train/images/crazing/crazing_231.jpg,crazing
data/NEU-DET/train/images/crazing/crazing_147.jpg,crazing
data/NEU-DET/train/images/crazing/crazing_153.jpg,crazing
data/NEU-DET/train/images/crazing/crazing_191.jpg,crazing
data/NEU-DET/train/images/crazing/crazing_152.jpg,crazing
data/NEU-DET/train/images/crazing/crazing_224.jpg,crazing
data/NEU-DET/train/images/crazing/crazing_230.jpg,crazing
data/NEU-DET/train/images/crazing/crazing_218.jpg,crazing
data/NEU-DET/train/images/crazing/crazing_74.jpg,crazing
data/NEU-DET/train/images/crazing/crazing_60.jpg,crazing
data/NEU-DET/train/images/crazing/crazing_48.jpg,crazing
data/NEU-DET/train/images/crazing/crazing_9.jpg,crazing
data/NEU-DET/train/images/crazing/crazing_89.jpg,crazing
data/NEU-DET/train/images/crazing/crazing_76.jpg,crazing
data/NEU-DET/train/images/crazing/crazing_232.jpg,crazing
data/NEU-DET/train/images/crazing/crazing_178.jpg,crazing
data/NEU-DET/train/images/crazing/crazing_150.jpg,crazing
data/NEU-DET/train/images/crazing/crazing_144.jpg,crazing
data/NEU-DET/train/images/crazing/crazing_187.jpg,crazing
data/NEU-DET/train/images/crazing/crazing_192.jpg,crazing
data/NEU-DET/train/images/crazing/crazing_145.jpg,crazing
data/NEU-DET/train/images/crazing/crazing_151.jpg,crazing
data/NEU-DET/train/images/crazing/crazing_179.jpg,crazing
data/NEU-DET/train/images/crazing/crazing_233.jpg,crazing
data/NEU-DET/train/images/crazing/crazing_227.jpg,crazing
data/NEU-DET/train/images/crazing/crazing_63.jpg,crazing
data/NEU-DET/train/images/crazing/crazing_77.jpg,crazing
data/NEU-DET/train/images/crazing/crazing_88.jpg,crazing
data/NEU-DET/train/images/crazing/crazing_98.jpg,crazing
data/NEU-DET/train/images/crazing/crazing_73.jpg,crazing
data/NEU-DET/train/images/crazing/crazing_223.jpg,crazing
data/NEU-DET/train/images/crazing/crazing_155.jpg,crazing
data/NEU-DET/train/images/crazing/crazing_196.jpg,crazing
data/NEU-DET/train/images/crazing/crazing_182.jpg,crazing
data/NEU-DET/train/images/crazing/crazing_183.jpg,crazing
data/NEU-DET/train/images/crazing/crazing_197.jpg,crazing
data/NEU-DET/train/images/crazing/crazing_168.jpg,crazing
data/NEU-DET/train/images/crazing/crazing_154.jpg,crazing
data/NEU-DET/train/images/crazing/crazing_66.jpg,crazing
data/NEU-DET/train/images/crazing/crazing_72.jpg,crazing
data/NEU-DET/train/images/crazing/crazing_99.jpg,crazing
data/NEU-DET/train/images/crazing/crazing_64.jpg,crazing
data/NEU-DET/train/images/crazing/crazing_70.jpg,crazing
data/NEU-DET/train/images/crazing/crazing_58.jpg,crazing
data/NEU-DET/train/images/crazing/crazing_234.jpg,crazing
data/NEU-DET/train/images/crazing/crazing_142.jpg,crazing
data/NEU-DET/train/images/crazing/crazing_181.jpg,crazing
data/NEU-DET/train/images/crazing/crazing_195.jpg,crazing
data/NEU-DET/train/images/crazing/crazing_194.jpg,crazing
data/NEU-DET/train/images/crazing/crazing_180.jpg,crazing
data/NEU-DET/train/images/crazing/crazing_71.jpg,crazing
data/NEU-DET/train/images/crazing/crazing_65.jpg,crazing
data/NEU-DET/train/images/crazing/crazing_124.jpg,crazing
data/NEU-DET/train/images/crazing/crazing_130.jpg,crazing
data/NEU-DET/train/images/crazing/crazing_131.jpg,crazing
data/NEU-DET/train/images/crazing/crazing_17.jpg,crazing
data/NEU-DET/train/images/crazing/crazing_29.jpg,crazing
data/NEU-DET/train/images/crazing/crazing_15.jpg,crazing
data/NEU-DET/train/images/crazing/crazing_133.jpg,crazing
data/NEU-DET/train/images/crazing/crazing_127.jpg,crazing
data/NEU-DET/train/images/crazing/crazing_132.jpg,crazing
data/NEU-DET/train/images/crazing/crazing_14.jpg,crazing
data/NEU-DET/train/images/crazing/crazing_28.jpg,crazing
data/NEU-DET/train/images/crazing/crazing_10.jpg,crazing
data/NEU-DET/train/images/crazing/crazing_38.jpg,crazing
data/NEU-DET/train/images/crazing/crazing_240.jpg,crazing
data/NEU-DET/train/images/crazing/crazing_122.jpg,crazing
data/NEU-DET/train/images/crazing/crazing_123.jpg,crazing
data/NEU-DET/train/images/crazing/crazing_11.jpg,crazing
data/NEU-DET/train/images/crazing/crazing_13.jpg,crazing
data/NEU-DET/train/images/crazing/crazing_121.jpg,crazing
data/NEU-DET/train/images/crazing/crazing_135.jpg,crazing
data/NEU-DET/train/images/crazing/crazing_109.jpg,crazing
data/NEU-DET/train/images/crazing/crazing_108.jpg,crazing
data/NEU-DET/train/images/crazing/crazing_134.jpg,crazing
data/NEU-DET/train/images/crazing/crazing_120.jpg,crazing
data/NEU-DET/train/images/crazing/crazing_12.jpg,crazing
data/NEU-DET/train/images/crazing/crazing_23.jpg,crazing
data/NEU-DET/train/images/crazing/crazing_139.jpg,crazing
data/NEU-DET/train/images/crazing/crazing_111.jpg,crazing
data/NEU-DET/train/images/crazing/crazing_110.jpg,crazing
data/NEU-DET/train/images/crazing/crazing_104.jpg,crazing
data/NEU-DET/train/images/crazing/crazing_36.jpg,crazing
data/NEU-DET/train/images/crazing/crazing_22.jpg,crazing
data/NEU-DET/train/images/crazing/crazing_34.jpg,crazing
data/NEU-DET/train/images/crazing/crazing_20.jpg,crazing
data/NEU-DET/train/images/crazing/crazing_112.jpg,crazing
data/NEU-DET/train/images/crazing/crazing_106.jpg,crazing
data/NEU-DET/train/images/crazing/crazing_107.jpg,crazing
data/NEU-DET/train/images/crazing/crazing_113.jpg,crazing
data/NEU-DET/train/images/crazing/crazing_21.jpg,crazing
data/NEU-DET/train/images/crazing/crazing_35.jpg,crazing
data/NEU-DET/train/images/crazing/crazing_31.jpg,crazing
data/NEU-DET/train/images/crazing/crazing_117.jpg,crazing
data/NEU-DET/train/images/crazing/crazing_103.jpg,crazing
data/NEU-DET/train/images/crazing/crazing_116.jpg,crazing
data/NEU-DET/train/images/crazing/crazing_24.jpg,crazing
data/NEU-DET/train/images/crazing/crazing_30.jpg,crazing
data/NEU-DET/train/images/crazing/crazing_26.jpg,crazing
data/NEU-DET/train/images/crazing/crazing_100.jpg,crazing
data/NEU-DET/train/images/crazing/crazing_128.jpg,crazing
data/NEU-DET/train/images/crazing/crazing_129.jpg,crazing
data/NEU-DET/train/images/crazing/crazing_27.jpg,crazing
data/NEU-DET/train/images/crazing/crazing_83.jpg,crazing
data/NEU-DET/train/images/crazing/crazing_1.jpg,crazing
data/NEU-DET/train/images/crazing/crazing_40.jpg,crazing
data/NEU-DET/train/images/crazing/crazing_54.jpg,crazing
data/NEU-DET/train/images/crazing/crazing_238.jpg,crazing
data/NEU-DET/train/images/crazing/crazing_210.jpg,crazing
data/NEU-DET/train/images/crazing/crazing_204.jpg,crazing
data/NEU-DET/train/images/crazing/crazing_166.jpg,crazing
data/NEU-DET/train/images/crazing/crazing_172.jpg,crazing
data/NEU-DET/train/images/crazing/crazing_199.jpg,crazing
data/NEU-DET/train/images/crazing/crazing_198.jpg,crazing
data/NEU-DET/train/images/crazing/crazing_173.jpg,crazing
data/NEU-DET/train/images/crazing/crazing_167.jpg,crazing
data/NEU-DET/train/images/crazing/crazing_211.jpg,crazing
data/NEU-DET/train/images/crazing/crazing_239.jpg,crazing
data/NEU-DET/train/images/crazing/crazing_55.jpg,crazing
data/NEU-DET/train/images/crazing/crazing_41.jpg,crazing
data/NEU-DET/train/images/crazing/crazing_69.jpg,crazing
data/NEU-DET/train/images/crazing/crazing_96.jpg,crazing
data/NEU-DET/train/images/crazing/crazing_82.jpg,crazing
data/NEU-DET/train/images/crazing/crazing_94.jpg,crazing
data/NEU-DET/train/images/crazing/crazing_2.jpg,crazing
data/NEU-DET/train/images/crazing/crazing_207.jpg,crazing
data/NEU-DET/train/images/crazing/crazing_159.jpg,crazing
data/NEU-DET/train/images/crazing/crazing_171.jpg,crazing
data/NEU-DET/train/images/crazing/crazing_164.jpg,crazing
data/NEU-DET/train/images/crazing/crazing_170.jpg,crazing
data/NEU-DET/train/images/crazing/crazing_158.jpg,crazing
data/NEU-DET/train/images/crazing/crazing_212.jpg,crazing
data/NEU-DET/train/images/crazing/crazing_42.jpg,crazing
data/NEU-DET/train/images/crazing/crazing_3.jpg,crazing
data/NEU-DET/train/images/crazing/crazing_81.jpg,crazing
data/NEU-DET/train/images/crazing/crazing_95.jpg,crazing
data/NEU-DET/train/images/crazing/crazing_91.jpg,crazing
data/NEU-DET/train/images/crazing/crazing_85.jpg,crazing
data/NEU-DET/train/images/crazing/crazing_52.jpg,crazing
data/NEU-DET/train/images/crazing/crazing_7.jpg,crazing
data/NEU-DET/train/images/crazing/crazing_46.jpg,crazing
data/NEU-DET/train/images/crazing/crazing_202.jpg,crazing
data/NEU-DET/train/images/crazing/crazing_216.jpg,crazing
data/NEU-DET/train/images/crazing/crazing_148.jpg,crazing
data/NEU-DET/train/images/crazing/crazing_149.jpg,crazing
data/NEU-DET/train/images/crazing/crazing_175.jpg,crazing
data/NEU-DET/train/images/crazing/crazing_203.jpg,crazing
data/NEU-DET/train/images/crazing/crazing_6.jpg,crazing
data/NEU-DET/train/images/crazing/crazing_53.jpg,crazing
data/NEU-DET/train/images/crazing/crazing_84.jpg,crazing
data/NEU-DET/train/images/crazing/crazing_90.jpg,crazing
data/NEU-DET/train/images/crazing/crazing_92.jpg,crazing
data/NEU-DET/train/images/crazing/crazing_45.jpg,crazing
data/NEU-DET/train/images/crazing/crazing_79.jpg,crazing
data/NEU-DET/train/images/crazing/crazing_215.jpg,crazing
data/NEU-DET/train/images/crazing/crazing_163.jpg,crazing
data/NEU-DET/train/images/crazing/crazing_177.jpg,crazing
data/NEU-DET/train/images/crazing/crazing_189.jpg,crazing
data/NEU-DET/train/images/crazing/crazing_176.jpg,crazing
data/NEU-DET/train/images/crazing/crazing_162.jpg,crazing
data/NEU-DET/train/images/crazing/crazing_200.jpg,crazing
data/NEU-DET/train/images/crazing/crazing_214.jpg,crazing
data/NEU-DET/train/images/crazing/crazing_50.jpg,crazing
data/NEU-DET/train/images/crazing/crazing_44.jpg,crazing
data/NEU-DET/train/images/crazing/crazing_87.jpg,crazing
